function,method,score_mse,beta,length_scale,noise,pred_signal,hidden_layer_sizes,alpha,learning_rate_init,max_iter
1,GP_UCB_tuned,1.0997866023118046e-18,1.0,0.2,1e-06,0.0007149261970168658,,,,
2,GP_UCB_tuned,5.0836743729254864e-05,1.0,0.5,1e-05,0.8030783183747293,,,,
3,GP_UCB_tuned,2.1842888830177813e-06,1.0,0.2,1e-06,0.02419166804005215,,,,
4,GP_UCB_tuned,5.148412698809527e-11,2.0,1.0,0.0001,0.6766471391119673,,,,
5,GP_UCB_tuned,50496.78858325898,1.0,0.2,1e-06,5479.508854460303,,,,
6,MLP_surrogate_tuned,0.0035091928606860467,,,,-0.6542084495488104,"(32, 16)",0.001,0.01,2000.0
7,MLP_surrogate_tuned,0.00017228010052360894,,,,1.268049578708284,"(64, 32)",0.001,0.01,2000.0
8,MLP_surrogate_tuned,0.01392711033105543,,,,12.75784870868933,"(32,)",0.001,0.01,2000.0
