function,method,score_mse,beta,length_scale,noise,pred_signal,hidden_layer_sizes,alpha,learning_rate_init,max_iter
1,GP_UCB_tuned,1.1464926574231461e-18,1.0,0.5,1e-05,0.0007356272164215589,,,,
2,GP_UCB_tuned,4.5237494267403265e-05,1.0,0.2,1e-06,0.7945427903562704,,,,
3,GP_UCB_tuned,2.2177915003767504e-06,1.0,0.2,1e-06,0.025824778958253976,,,,
4,GP_UCB_tuned,0.04576978139604108,1.0,0.2,1e-06,-1.1076763513347931,,,,
5,GP_UCB_tuned,9.091426116613164e-08,1.0,0.5,1e-05,4776.659653637104,,,,
6,MLP_surrogate_tuned,0.0033038524355062794,,,,-0.6973421373769934,"(32, 16)",0.001,0.01,2000.0
7,MLP_surrogate_tuned,0.00026069166829270385,,,,1.2904483929524213,"(64, 32)",0.001,0.01,2000.0
8,MLP_surrogate_tuned,0.027646387020155264,,,,12.605300514781268,"(32,)",0.001,0.01,2000.0
