function,method,score_mse,beta,length_scale,noise,pred_signal,hidden_layer_sizes,alpha,learning_rate_init,max_iter
1,GP_UCB_tuned,1.6420878511071335e-18,1.0,0.5,1e-05,0.0009661966262292628,,,,
2,GP_UCB_tuned,4.676292810676889e-05,1.0,0.2,1e-06,0.8005762975958216,,,,
3,GP_UCB_tuned,2.271212710240297e-06,1.0,0.2,1e-06,0.040448687089370085,,,,
4,GP_UCB_tuned,1.7864327252257103e-10,1.0,0.2,1e-06,-0.2614748460830404,,,,
5,GP_UCB_tuned,1.4109791660378194e-07,1.0,0.5,1e-05,5523.537486530759,,,,
6,MLP_surrogate_tuned,0.002540630353480972,,,,-0.7166627371670429,"(32, 16)",0.001,0.01,2000.0
7,MLP_surrogate_tuned,0.0004440797547099566,,,,1.3640439164079428,"(32,)",0.0001,0.01,1000.0
8,MLP_surrogate_tuned,0.016121986598664224,,,,13.29075291456487,"(32,)",0.0001,0.01,1000.0
