function,method,score_mse,beta,length_scale,noise,pred_signal,hidden_layer_sizes,alpha,learning_rate_init,max_iter
1,GP_UCB_tuned,1.0451113603326194e-18,1.0,0.2,1e-06,0.0006954729276204895,,,,
2,GP_UCB_tuned,7.29214154584822e-05,1.0,0.2,1e-06,0.7686962225759683,,,,
3,GP_UCB_tuned,2.0355042607998147e-06,1.0,0.2,1e-06,0.019400104158167987,,,,
4,GP_UCB_tuned,4.949118228375556e-11,1.0,0.5,1e-05,-0.31877060718347316,,,,
5,GP_UCB_tuned,9.33868350215535e-08,1.0,0.5,1e-05,5015.91945923482,,,,
6,MLP_surrogate_tuned,0.0032820149666883116,,,,-0.6507289447275149,"(32, 16)",0.001,0.01,2000.0
7,MLP_surrogate_tuned,0.00022396117932036997,,,,1.8317419035691591,"(64, 32)",0.001,0.01,2000.0
8,MLP_surrogate_tuned,0.014038199156656921,,,,12.69557131036892,"(32,)",0.001,0.01,2000.0
