function,query
1,0.319591-0.165006
2,0.659737-0.982373
3,0.411568-0.810278-0.002569
4,0.005276-0.073654-0.843481-0.988168
5,0.986591-0.866088-0.978811-0.997373
6,0.522774-0.159809-0.855098-0.882709-0.021392
7,0.055303-0.330520-0.130690-0.225122-0.345925-0.806307
8,0.256846-0.996773-0.031118-0.797963-0.471965-0.200428-0.992293-0.000742
