function,query
1,0.786316-0.706623
2,0.697974-0.618942
3,0.387150-0.346280-0.507868
4,0.443009-0.230732-0.464306-0.462897
5,0.974571-0.878993-0.772060-0.980014
6,0.522774-0.159809-0.855098-0.882709-0.021392
7,0.239719-0.879324-0.159744-0.029353-0.549302-0.002605
8,0.082206-0.149940-0.222472-0.001526-0.930137-0.014059-0.685381-0.133759
