function,query
1,0.304290-0.431895
2,0.671513-0.642810
3,0.750274-0.804492-0.002342
4,0.366115-0.434952-0.394832-0.419636
5,0.989704-0.867919-0.966108-0.826022
6,0.522774-0.159809-0.855098-0.882709-0.021392
7,0.055303-0.330520-0.130690-0.225122-0.345925-0.806307
8,0.219428-0.006112-0.852392-0.710835-0.981384-0.994681-0.019009-0.464999
