function,query
1,0.705525-0.885393
2,0.985196-0.534335
3,0.974723-0.681986-0.850234
4,0.468003-0.383414-0.266356-0.376073
5,0.800100-0.522596-0.993826-0.999829
6,0.728186-0.165881-0.732552-0.693997-0.060275
7,0.061941-0.487666-0.247422-0.218118-0.420428-0.727484
8,0.036478-0.065956-0.022929-0.038786-0.403935-0.801055-0.507995-0.893085
