function,query
1,0.766337-0.384850
2,0.743978-0.150054
3,0.049270-0.150671-0.000200
4,0.325496-0.402385-0.477798-0.453602
5,0.986591-0.866088-0.978811-0.997373
6,0.245769-0.529123-0.438520-0.897850-0.015077
7,0.029540-0.696038-0.986813-0.078269-0.189421-0.824967
8,0.142392-0.106853-0.004234-0.996850-0.721583-0.675360-0.023110-0.293328
