function,query
1,0.374545-0.474256
2,0.691615-0.662198
3,0.986219-0.406018-0.080996
4,0.439522-0.303303-0.347783-0.354975
5,0.906942-0.983897-0.989207-0.716609
6,0.085372-0.022926-0.323806-0.061810-0.026901
7,0.093706-0.959928-0.378428-0.028032-0.366824-0.893595
8,0.225167-0.255918-0.086437-0.029851-0.060575-0.953560-0.023665-0.311708
