function,query
1,0.641678-0.936591
2,0.757662-0.975793
3,0.338059-0.138073-0.464730
4,0.439522-0.303303-0.347783-0.354975
5,0.859176-0.940063-0.939225-0.871846
6,0.522774-0.159809-0.855098-0.882709-0.021392
7,0.052186-0.504205-0.135824-0.124548-0.534214-0.728413
8,0.739625-0.086696-0.830776-0.056302-0.058793-0.022776-0.430693-0.827930
