function,query
1,0.731024-0.750792
2,0.702637-0.940484
3,0.492581-0.590954-0.340176
4,0.567788-0.426327-0.425826-0.249007
5,0.197574-0.859800-0.879484-0.878516
6,0.728186-0.154693-0.733542-0.693997-0.048571
7,0.057896-0.487666-0.247422-0.218118-0.420428-0.712837
8,0.060144-0.047814-0.022929-0.038786-0.403935-0.801055-0.488307-0.893085
