function,query
1,0.804578-0.256001
2,0.000115-0.828201
3,0.129295-0.915258-0.657147
4,0.402153-0.521658-0.464167-0.433898
5,0.999391-0.703661-0.969613-0.957963
6,0.447146-0.082079-0.172696-0.946339-0.029792
7,0.125568-0.015754-0.040848-0.043621-0.171504-0.920820
8,0.044718-0.682028-0.005983-0.387542-0.654618-0.527547-0.003419-0.335073
